{"physics":{"timeScale":1,"friction":0.093,"maxForce":1.726,"maxVelocity":0.603,"separationDistance":6.152,"attractionDistance":5.859,"separationForce":1,"attractionForce":0.246,"attractionAttack":1,"attractionDecay":1,"attractionGain":1,"separationPower":1},"attraction":{"nbTypes":8,"values":[-0.36546474531956674,-0.09916997649962456,-0.7040259767509647,-0.2596676271095548,-0.5275022318974285,-0.897579327553685,0.1699785335479711,-0.6750715511924352,-0.005631742003266549,-0.5940116893927532,-0.06818122047875752,-0.22294541470138984,0.2715515409996856,0.9375935138369531,-0.9437769968522081,0.5877297409297912,-0.32785878144128144,0.031413817047278414,-0.8970856972672778,0.9411326510538909,-0.49801738084422276,0.5661100002540902,-0.13898470437825372,-0.9022069771022352,0.8348027546131336,0.05882820659268706,-0.9096611972874831,0.8015538254349055,0.30133588202878325,-0.9217776562712037,0.5424691233744539,-0.9066479759130419,-0.7473218601264224,0.9184813184762417,-0.7199061512673954,-0.6329905175177686,0.4916850810976827,0.07791235477230662,0.7714805208716671,0.4872130948137632,-0.8082162696543831,-0.4886198270684545,-0.6657668471427303,0.2500431050925358,0.3529975785861046,0.6159669793793352,-0.6050469116493584,-0.7910351986830793,-0.9802636702510608,-0.5631167443274614,0.05812041658313394,-0.5252832059325914,0.49448395238467846,-0.35915784392418937,0.5721800666691665,-0.9281285833222999,-0.8949716561479741,-0.9677217003074277,0.7744598187904455,0.059422344535401184,0.45189925788780005,-0.7594551737174671,-0.024297986185391807,0.18876480497648673],"response":1,"useNoise":false,"noiseTimeScale":0.056,"noiseFrequency":1.912,"noiseAmplitude":1},"appearance":{"palette":"BlueGradient","shape":1,"particleSize":0.195,"particleSmoothness":0.038,"velToSize":false,"velToAlpha":false,"orientToVel":true,"makeAnular":false,"additive":false,"customColors":[0,0,0,0,0,0,0,0],"customBackgroundColor":16777215,"customFrameColor":0,"afterImage":false},"pointer":{"attraction":-0.069,"strength":6.837,"range":10}}