{"physics":{"timeScale":0.982,"friction":0.449,"maxForce":1.418,"maxVelocity":1.575,"separationDistance":2.605,"attractionDistance":10.996,"separationForce":0.798,"attractionForce":0.358,"attractionAttack":0.903,"attractionDecay":1.438,"attractionGain":1.469,"separationPower":3.879},"attraction":{"nbTypes":8,"values":[-0.5061898262461644,0.07380741699004556,-0.03247194219147653,-0.23046217845241967,-1,0.3031291708031967,-1,-0.14630003786770462,-0.985794650969499,-0.055897693793224956,-0.461516322669584,0.8871213921538548,-1,0.47847122244620754,-1,-0.08089648689772888,-0.054936573537522904,0.5984711067587329,-0.7764063692173937,-0.3011308820536023,-1,-0.624250410706567,-1,0.7822768117268071,-0.28298052267207474,-0.17937020312517982,-0.8900617986245725,0.5155159597209016,-1,-0.6982859175917775,-1,-0.046541748311551334,-1,-1,-1,-1,0,-1,-1,-1,0.720266539072191,-0.7254888069436545,-0.3705120836314153,0.9218224345763604,-1,0.8410303234801875,-1,0.11524154912907791,-1,-1,-1,-1,-1,-1,0,-1,0.964415828456648,0.6052344744792708,-0.8824858134502191,0.5053637054416744,-1,-0.9830347496269622,-1,0.07411816857081632],"response":0,"useNoise":false,"noiseTimeScale":1,"noiseFrequency":0.5},"appearance":{"palette":"BlueRedDark","shape":0,"particleSize":0.189,"particleSmoothness":0,"velToSize":true,"velToAlpha":false,"orientToVel":true,"makeAnular":false,"additive":false,"customColors":[0,0,0,0,0,0,0,0],"customBackgroundColor":16777215,"customFrameColor":0},"pointer":{"attraction":0.5,"strength":1,"range":10}}