{"physics":{"timeScale":1,"friction":0.049,"maxForce":2.605,"maxVelocity":0.123,"separationDistance":5.92,"attractionDistance":5.235,"separationForce":0.819,"attractionForce":0.484,"attractionAttack":1.007,"attractionDecay":0.701,"attractionGain":0.776,"separationPower":1.489},"attraction":{"nbTypes":2,"values":[0.37421060327133815,-0.4739414497604084,0.30458137858016604,0.24732804385267834,0.14926542054939862,-0.07000395337964249,-0.009599752423980442,-0.5477156227669663,0.5650090274364655,-0.08880851780143922,-0.05275838142474568,0.09561953267811324,-0.1619287627320861,0.42764573051707755,0.3156895831974711,-0.049963144612261735,0.10674627033288221,0.2829889440678449,-0.09421541934260952,0.4479604772596888,-0.15144837328766111,-0.3867288448945745,0.6464728319785857,0.38200356690120757,-0.09600783182446208,-0.17174184038216134,-0.6020911155945438,0.5734540238618279,-0.06277018824422274,-0.04078805913710948,0.383360263145377,0.5512552687402,-0.11899713925884131,-0.1470767745247335,0.036986134852667774,0.5986715005919483,-0.7400040145572415,0.47380122318315226,0.026386224271351955,0.19708318201935823,0.09860080819250504,0.037089187179553305,-0.0745275659513737,-0.30674305166520277,-0.5881639891324063,0.3474167823677888,-0.40678104450782043,0.33585181277317955,0.04491091448997209,-0.4089639551871866,-0.44305770366500075,-0.30479099844267155,0.4073509324475764,-0.41708598094655497,0.5350588140040878,-0.03686190997863234,0.21961183012832572,0.17152887484823354,0.44963396495519453,-0.5370601494146822,-0.5823959566792819,-0.035757941571522754,0.39586983016801747,0.5059137854468636],"response":1,"useNoise":true,"noiseTimeScale":0.063,"noiseFrequency":1.13},"appearance":{"palette":"DefaultDark","shape":2,"particleSize":0.163,"particleSmoothness":0.197,"velToSize":true,"velToAlpha":true,"orientToVel":true,"makeAnular":false,"additive":true,"customColors":[0,0,0,0,0,0,0,0],"customBackgroundColor":16777215,"customFrameColor":0},"pointer":{"attraction":-0.678,"strength":4.31,"range":21.747}}