{"physics":{"timeScale":1,"friction":0.25,"maxForce":0.5,"maxVelocity":0.5,"separationDistance":1,"attractionDistance":1.347,"separationForce":0.5,"attractionForce":0.5,"attractionAttack":1,"attractionDecay":1,"attractionGain":1,"separationPower":1},"attraction":{"nbTypes":8,"values":[0.20979541346361863,-0.43557014178683096,-0.6459346354077105,-0.5027320510373601,-0.37952676636687066,-0.7016865397934922,0.31252759813053244,0.8941508497666022,0.7585522489807635,-0.4153195975906856,0.10259226610322214,-0.7953787168732362,0.4075241416910873,-0.9827278441028753,0.7837603858720383,0.8246216922234013,0.06074727522311418,-0.4173090114562079,0.18113883816441945,-0.9372208512382421,-0.7396889343245343,0.47147860099186323,0.1588161078868624,-0.026015441257446703,-0.7121389395060014,0.12238975600298341,-0.2854881435355838,0.22026211855175326,0.171872931281972,-0.504616924886014,0.7784336295034548,-0.17629678021890838,0.4112134561230074,-0.1964097664973301,0.747950805125984,0.773267116029833,0.6551921205681865,-0.021594691922397935,0.14297014165538702,0.7997346009850816,0.5127476953816936,0.6154808785795947,-0.4216827699567647,-0.8347335887031302,-0.5640353179310167,-0.4260624837039253,-0.6487666794039071,0.28589433534903064,0.2796712328021358,0.41565124911868434,0.2711076031406354,-0.16120350654072846,-0.9206793869043257,0.17021702667659833,-0.9167161981758545,0.8487940912806318,0.1775818920839365,0.37442894834106966,-0.44850885890958825,0.9693682393344405,-0.4952824170694563,0.627198797441527,-0.04445626343089337,-0.12298945125448846],"response":0,"useNoise":false,"noiseTimeScale":1,"noiseFrequency":0.5,"noiseAmplitude":0.5},"appearance":{"palette":"DefaultDark","shape":0,"particleSize":0.05,"particleSmoothness":0.032,"velToSize":false,"velToAlpha":false,"orientToVel":true,"makeAnular":false,"additive":false,"customColors":[0,0,0,0,0,0,0,0],"customBackgroundColor":16777215,"customFrameColor":0,"afterImage":false},"pointer":{"attraction":0.5,"strength":3,"range":16}}