{"physics":{"timeScale":1,"friction":0.61,"maxForce":2.945035227530582,"maxVelocity":1.2381995937973134,"separationDistance":8.155,"attractionDistance":16.937,"separationForce":0.863,"attractionForce":0.27434224989026523,"attractionAttack":2.0917918168650202,"attractionDecay":0.800782362948,"attractionGain":1.1774977564616007,"separationPower":3.598453539755987},"attraction":{"nbTypes":5,"values":[-0.48540710157045114,-0.07375391723297335,-0.08961206445727941,0.35322611620919003,-0.528326141094043,0.1073012522117387,0.07977624194345707,0.6056336491319573,-0.1522000358578143,-0.4899045676022315,0.3008008555980018,0.42927323450688215,0.04365789135484945,0.1389495259336228,-0.564741867901904,-0.19081811150949313,0.37618552217440665,0.04440217939383281,0.029232370166647963,-0.026984757062581733,-0.19465931797768665,-0.39389696294803267,0.09744556030931016,0.41404005647424896,-0.21327702803431028,0.5354655919064465,-0.07626641360586985,0.06567261398877759,0.39280956225865343,-0.14201382040433647,0.4967104832511837,0.13608656738153233,-0.12536982192566812,0.08375579459880599,-0.4296176183739586,-0.17113266062139612,0.044832978661320855,0.2560661325577527,0.5423849106523658,-0.1520473256241125,-0.25077674213716405,-0.18850794786980055,0.5643256033414095,-0.15045591448376536,-0.24964034699465762,-0.6620376612480664,-0.08064020699040858,-0.38484143300510726,0.061101559152126596,0.5519848111246562,-0.22784889165444602,0.5600470894272138,0.20255755353134844,-0.01659900204191374,0.3068518471248574,0.42834858518356667,0.4703448441842612,0.19081811151089353,-0.4101588193715611,-0.3900681398738528,0.10460472513879226,0.26187018109516774,0.05599264342541064,-0.32867063660257395],"response":0,"useNoise":false,"noiseTimeScale":1,"noiseFrequency":0.5,"noiseAmplitude":1},"appearance":{"palette":"Custom","shape":5,"particleSize":0.21,"particleSmoothness":0.063,"velToSize":false,"velToAlpha":false,"orientToVel":true,"makeAnular":false,"additive":false,"customColors":[16717824,15971090,13359581,20917,2367011,0,0,0],"customBackgroundColor":16777215,"customFrameColor":0,"afterImage":false},"pointer":{"attraction":0.123,"strength":6.829,"range":32}}