{"physics":{"timeScale":1,"friction":0.2496595096826396,"maxForce":1.715818688698958,"maxVelocity":2.9296664282774634,"separationDistance":2.525,"attractionDistance":9.091,"separationForce":0.06862156458459334,"attractionForce":0.791,"attractionAttack":2.1674692812090086,"attractionDecay":1.4652894673924983,"attractionGain":3.2633982267792447,"separationPower":9.487498395893427},"attraction":{"nbTypes":8,"values":[1,0,0,0,0,0,0,0,0,1,0,0,0,0,0,0,0,0,1,0,0,0,0,0,0,0,0,1,0,0,0,0,0,0,0,0,1,0,0,0,0,0,0,0,0,1,0,0,0,0,0,0,0,0,1,0,0,0,0,0,0,0,0,1],"response":0,"useNoise":false,"noiseTimeScale":1,"noiseFrequency":0.5},"appearance":{"palette":"DefaultLight","shape":0,"particleSize":0.1,"particleSmoothness":0.1,"velToSize":false,"velToAlpha":false,"orientToVel":true,"makeAnular":false,"additive":false,"customColors":[0,0,0,0,0,0,0,0],"customBackgroundColor":16777215,"customFrameColor":0},"pointer":{"attraction":0.361,"strength":7.033,"range":32}}