{"physics":{"timeScale":1,"friction":0.25,"maxForce":1.726,"maxVelocity":0.92,"separationDistance":8.403,"attractionDistance":5.859,"separationForce":0.5,"attractionForce":0.5,"attractionAttack":1,"attractionDecay":1,"attractionGain":1,"separationPower":1},"attraction":{"nbTypes":3,"values":[-0.4026292747442093,-0.39824490128083356,0.12681897843467718,0.16296079682076925,-0.4475411187574965,0.3279418038394799,-0.02391512218959139,-0.19226866604519685,0.15251287791882653,0.17383686687087893,0.4125234766342097,0.34716740207767743,-0.32751042660707275,0.237287736199431,-0.31574902841122837,0.07319956475482337,0.17122872191259683,-0.10084555053682133,0.16042198713258551,-0.5745743784401912,-0.5473639708767365,-0.3772817395935759,0.05235803365865419,-0.7208624015367614,-0.7583219377923794,0.15784713872268652,-0.5130888662819928,0.4458567369994622,-0.16478712532178955,0.0752008445716544,0.0888639701608443,-0.29370344946416105,0.5709692603509654,-0.011319324455536442,-0.33287171303146446,-0.23256532835635127,-0.2774829107160353,0.09395081946528187,-0.4496055999969652,0.2740918249015792,0.002885650705949668,-0.5067900353742706,0.33609930466920357,0.3076777324781032,0.02809902754326669,0.27892729957069823,-0.06481515992596582,0.44197451771936364,0.2379468020233569,0.455415916942804,-0.19642209934296662,0.2025242513977079,-0.35599610998225756,-0.4487749886232142,0.39988253922457595,0.46761984022110875,0.38345709268308603,0.7352275834963861,0.5156193620295908,0.5851355825866986,-0.0007489324474112361,-0.20206699949152074,-0.11876642683808279,0.5412379064317248],"response":1,"useNoise":true,"noiseTimeScale":0.056,"noiseFrequency":1.912},"appearance":{"palette":"GreyDark","shape":7,"particleSize":1,"particleSmoothness":0.297,"velToSize":true,"velToAlpha":true,"orientToVel":true,"makeAnular":false,"additive":true,"customColors":[0,0,0,0,0,0,0,0],"customBackgroundColor":16777215,"customFrameColor":0,"afterImage":false},"pointer":{"attraction":-0.069,"strength":6.837,"range":10}}