{"physics":{"timeScale":1,"friction":0.11,"maxForce":2.058963919587033,"maxVelocity":3,"separationDistance":14.655008294405224,"attractionDistance":8.935158100995118,"separationForce":0.3297526805747615,"attractionForce":0.3623470439694134,"attractionAttack":0.5966198490582872,"attractionDecay":0.5481301161553978,"attractionGain":3.318102714000954,"separationPower":2.522300306108748},"attraction":{"nbTypes":3,"values":[0.014774705716435585,0.05335673350313382,-0.024550563413302657,-0.12280986402397596,0.1806425135837878,-0.197750070529968,-0.11863124499452371,-0.2884553576008439,-0.03609851603583599,-0.0173483951266282,0.2850856328451609,0.08783815765553128,-0.09419027632884935,0.2263226169181259,0.03773975345714322,-0.0062555004337522995,-0.1785810703810183,-0.1113804278464847,-0.09712703787936851,0.11543167316595347,-0.018981432372781274,0.14821547069084695,0.015372175327849106,-0.09351074872414233,0.10123160463991077,0.0017112715841805144,-0.18802992987217884,-0.06574714852431755,0.1555767955257712,-0.2584764568101727,-0.03085546545714225,-0.165850737297722,0.3370016045411585,-0.12877924049808706,-0.04613993270968294,0.1722186225760922,-0.17521561058270183,0.0053340625981403616,-0.24586502231171323,-0.19702153527172606,0.10583724719377136,0.05617133999057499,0.2467569019780559,-0.04417788913774098,0.00736115616711866,0.03355149369587255,-0.20568334234725447,-0.03356974396175205,0.055736929468209545,0.01565519297566483,-0.08681830113986903,-0.14076807178879708,-0.028015222646370786,0.19853274110724453,-0.05863782276415639,-0.014027222651420571,-0.17930523568808074,-0.061447969332461216,0.23968462275627456,-0.1719951802019284,0.2000434114035877,-0.1677140284795667,-0.24588074504075644,0.20479839084772591],"response":1,"useNoise":true,"noiseTimeScale":0.056,"noiseFrequency":1.912,"noiseAmplitude":1},"appearance":{"palette":"GreyDark","shape":7,"particleSize":0.628,"particleSmoothness":0.173,"velToSize":false,"velToAlpha":true,"orientToVel":true,"makeAnular":false,"additive":true,"customColors":[0,0,0,0,0,0,0,0],"customBackgroundColor":16777215,"customFrameColor":0,"afterImage":true},"pointer":{"attraction":-0.445,"strength":6.837,"range":10}}