{"physics":{"timeScale":1,"friction":0.172,"maxForce":1.21,"maxVelocity":2.059,"separationDistance":7.324,"attractionDistance":16.44,"separationForce":0.039,"attractionForce":0.339,"attractionAttack":3,"attractionDecay":1.931,"attractionGain":1.145,"separationPower":1.196},"attraction":{"nbTypes":8,"values":[-0.9826908871682867,0.6223727107913226,0.7687496366193667,-0.03562719125873404,-0.9869566925413902,0.6600710588063299,-0.24932605982692957,-0.3171789915728618,-0.16361084906953183,-0.1384417245282359,0.33208553472837776,-0.7262709366054527,-0.730276902154301,0.7195050395947917,-0.607573557042826,-0.8013582310564571,0.06095973831364887,0.8123406109883886,-0.6812800681341131,-0.871160537656603,0.7426597845969058,-0.5304710982188099,0.033995724572227104,-0.5884488700627886,0.15733841512610391,-0.5394633761731882,0.8187046703913063,-0.7763123972392947,-0.01837741415081684,-0.03504083069861785,0.9194152239120084,-0.04716802402050657,0.8583424999648765,-0.5642505549525616,-0.30905592217369104,-0.5238744436942233,0.160677895009258,0.14456682920637043,-0.4723393268855576,-0.5712073073607709,-0.5574094524554969,0.3768336162627435,0.8185795250962151,0.18480868578172327,-0.9712404042415672,-0.7003527411026482,-0.7371993024432104,0.35853711712541925,-0.4961467271424058,-0.016780480507390116,-0.023574768216364284,0.5513605547142877,-0.6098903310258508,-0.5763292896761718,-0.49763505943440167,0.8419429340405471,-0.6913827545607871,0.32859191884618255,-0.6677807205927815,-0.5230460786043709,-0.28169195681599923,0.9139391351730191,-0.9857562344091755,0.05517064235354541],"response":1,"useNoise":false,"noiseTimeScale":0.056,"noiseFrequency":1.912},"appearance":{"palette":"RainbowLight","shape":0,"particleSize":0.387,"particleSmoothness":0.607,"velToSize":false,"velToAlpha":true,"orientToVel":false,"makeAnular":false,"additive":false,"customColors":[0,0,0,0,0,0,0,0],"customBackgroundColor":16777215,"customFrameColor":0},"pointer":{"attraction":-0.069,"strength":6.837,"range":10}}