{"physics":{"timeScale":1,"friction":0.426,"maxForce":2.309216618541522,"maxVelocity":2.9848931026541736,"separationDistance":3.903377576157098,"attractionDistance":16.089951522275662,"separationForce":0.3193617980249006,"attractionForce":0.5493216951612772,"attractionAttack":2.084171555614913,"attractionDecay":1.065639985727977,"attractionGain":2.271156288640457,"separationPower":9.393163296710005},"attraction":{"nbTypes":8,"values":[1,0,0,0,0,0,0,0,0,1,0,0,0,0,0,0,0,0,1,0,0,0,0,0,0,0,0,1,0,0,0,0,0,0,0,0,1,0,0,0,0,0,0,0,0,1,0,0,0,0,0,0,0,0,1,0,0,0,0,0,0,0,0,1],"response":0,"useNoise":false,"noiseTimeScale":1,"noiseFrequency":0.5},"appearance":{"palette":"BlueRedDark","shape":0,"particleSize":0.393,"particleSmoothness":0.16,"velToSize":false,"velToAlpha":false,"orientToVel":true,"makeAnular":true,"additive":false,"customColors":[0,0,0,0,0,0,0,0],"customBackgroundColor":16777215,"customFrameColor":0,"afterImage":false},"pointer":{"attraction":-0.088,"strength":7.033,"range":32}}