{"physics":{"timeScale":1,"friction":0.093,"maxForce":1.726,"maxVelocity":2.668,"separationDistance":16,"attractionDistance":5.859,"separationForce":0.391,"attractionForce":0.664,"attractionAttack":3,"attractionDecay":1.009,"attractionGain":0.5,"separationPower":4.597},"attraction":{"nbTypes":6,"values":[-0.9141917102230805,0.4258951816507843,-0.34043552718966374,-0.8399341194222973,0.22907230003169632,-0.0068938823481938805,-0.1669565356078455,-0.8470377864596772,0.28951188571196296,-0.4643988738963971,0.4108491736367075,-0.2072056332760006,-0.5439682195877436,-0.25612330430153385,-0.9449452437534136,0.5218988908124502,-0.9565370675925546,0.35406146389194904,-0.3115282199639613,-0.4869116052189084,-0.8126058445206703,0.40203401925685345,0.6374968188483381,0.17608736865283747,0.7323795805488031,-0.5274306616862305,0.38452871235482977,-0.855773300676987,-0.2793033128195681,-0.3009159348930859,0.4296510797203066,0.9029120488720639,0.9224879028930482,0.2483746058286096,-0.6000291454378988,-0.2799079559511588,-0.05603192021222192,-0.6765477530462407,-0.7177461482720555,0.883085008997762,-0.054141837894308154,-0.7042094042799376,-0.8745402574908079,0.6558918712225772,-0.628309744960557,-0.8719315715016203,0.6055133216665651,0.27241027283807284,0.9294229984816647,0.2675702479558031,-0.22825569845635174,-0.17113836581309716,0.7308361133206471,0.5003396194636296,0.10138191421428022,0.30765817646267024,0.01379577291425349,-0.9984767077671433,-0.4914978138286248,-0.11195202120556536,0.8096074677167739,-0.10819080083366517,0.31517797504944767,-0.29299938673057646],"response":1,"useNoise":false,"noiseTimeScale":0.056,"noiseFrequency":1.912},"appearance":{"palette":"YorktownTutti","shape":0,"particleSize":0.547,"particleSmoothness":1,"velToSize":true,"velToAlpha":true,"orientToVel":false,"makeAnular":false,"additive":false,"customColors":[0,0,0,0,0,0,0,0],"customBackgroundColor":16777215,"customFrameColor":0},"pointer":{"attraction":-0.069,"strength":6.837,"range":10}}